Date,00:00,01:00,02:00,03:00,04:00,05:00,06:00,07:00,08:00,09:00,10:00,11:00,12:00,13:00,14:00,15:00,16:00,17:00,18:00,19:00,20:00,21:00,22:00,23:00
2019-06-27,,,,,,,,1,6,6,6,1,4,4,4,5,5,10,9,3,,,,
2019-06-28,,,,,,,1,5,,4,3,2,5,6,4,2,,3,,3,,,1,
2019-06-29,,2,,,,,,4,5,14,1,13,6,2,10,15,4,2,,,2,,1,
2019-06-30,,2,,,,,1,3,3,1,14,16,7,8,6,10,1,1,,,,,,
2019-07-01,,,,,,,1,2,2,5,,1,1,1,3,1,1,4,7,2,,,,
2019-07-02,,,,,,,2,2,1,5,,2,6,7,1,4,1,6,1,4,,,1,2
2019-07-03,,,,,,,2,1,1,2,4,5,1,2,8,6,3,7,7,3,5,,,
2019-07-04,,,,,,,1,1,2,1,2,9,4,4,1,5,3,12,,12,,,,
2019-07-05,,,,,,,1,2,1,1,7,3,9,5,1,,1,4,4,2,4,,,
2019-07-06,,,,1,,,,1,3,5,8,4,8,4,2,11,3,,2,2,,,,
2019-07-07,,,,,,,,3,4,11,16,21,11,14,11,13,4,1,2,1,2,,,
2019-07-08,,,,,,,1,,2,6,5,2,2,2,5,5,3,10,4,1,1,,1,
2019-07-09,,,,,,,2,1,1,,,3,4,1,2,2,1,6,4,,,1,,
2019-07-10,1,,,,,,1,,2,1,5,6,3,4,8,1,9,5,3,5,1,,1,
2019-07-11,,,,,,,,1,,,2,,1,,1,4,2,12,2,,,,1,
2019-07-12,,,,,,,1,,4,5,2,6,6,4,5,1,3,8,3,3,,4,,
2019-07-13,,,,,,,,1,,19,4,8,4,3,2,2,3,1,2,,,,,
2019-07-14,,,,,,,,1,5,5,9,8,4,3,10,2,1,7,2,,2,,,
2019-07-15,,,,,,1,2,2,1,3,2,6,5,11,8,3,4,6,3,2,2,1,,
2019-07-16,,,,,,,1,2,,,8,5,4,6,,4,2,9,5,4,,,,1
2019-07-17,,,,,,,2,1,2,1,7,17,2,1,2,3,6,9,,1,1,,,
2019-07-18,,,1,,,,2,1,,,4,7,4,2,4,3,2,6,6,4,3,2,2,
2019-07-19,,,,,,,2,,2,2,1,,1,1,1,,,1,1,,,,,
2019-07-20,,,,,,,1,,,3,2,2,3,3,3,3,4,5,1,4,1,,,
2019-07-21,,,,,,,,7,4,2,33,10,9,14,1,3,5,,1,,,,,
2019-07-22,,,,,,,2,,1,2,1,1,8,6,8,1,3,3,3,2,,,,
2019-07-23,,,,,,,2,1,,,4,3,14,24,12,1,7,1,2,7,3,,,
2019-07-24,,,,,,,,,2,1,4,4,7,3,4,1,1,2,4,2,,,,1
2019-07-25,,,,,,,3,,,,1,3,4,,8,4,6,6,,3,2,,,
2019-07-26,,,,,,,,2,1,5,5,7,5,8,1,2,7,6,2,1,1,,,
2019-07-27,,,,,,,,2,1,1,4,4,6,,,3,,1,,,,,,
2019-07-28,,,,,,,,1,1,6,4,5,,1,10,1,,1,,,,,,
2019-07-29,,,,,,,,,,1,3,3,4,2,7,3,4,8,3,3,2,,,
2019-07-30,,,,,,,2,,,,1,3,1,3,3,1,1,1,1,4,,,,
2019-07-31,,,,,,,2,,,3,,2,,3,,,1,4,,,1,,,
2019-08-01,,,,1,,,,1,3,,3,3,2,1,1,5,3,1,5,2,2,,,
2019-08-02,,,,,,,,1,,3,7,6,2,13,6,8,3,3,2,1,,2,,
2019-08-03,,,,,,,,4,2,3,5,12,16,9,15,4,,,,6,,1,,
2019-08-04,,,1,,,,,3,4,4,19,19,13,9,2,8,1,1,2,,,,,1
2019-08-05,,,,,,2,,1,,2,3,1,,2,7,10,4,4,5,1,,,1,
2019-08-06,,,,,,,,5,2,1,7,3,,1,5,5,3,4,5,4,,2,1,
2019-08-07,,,,,,,,,4,,4,3,1,1,1,5,2,4,2,3,3,,,
2019-08-08,,,,,,1,,2,2,4,9,15,5,7,2,3,7,6,14,3,1,4,,
2019-08-09,,,,,,,,,,,,,3,3,5,6,2,5,2,,,,,1
2019-08-10,,,,,,,1,,4,4,,,,3,2,,,,,,1,,,
2019-08-11,,,,,,,,2,1,7,4,4,12,4,5,4,1,,,,,,,
2019-08-12,,,,,,,1,,1,3,,2,4,,9,8,4,3,4,2,,,,
2019-08-13,,,,,,,1,1,1,2,4,,4,2,8,3,5,2,7,,,,,
2019-08-14,,,,,,,2,1,4,1,4,6,2,1,2,1,,3,1,,,,,1
2019-08-15,,,,,,,1,1,1,,1,5,4,3,3,2,3,3,3,,2,1,,
2019-08-16,,,,,,,2,,1,,1,3,1,8,2,,2,1,,,,1,,4
2019-08-17,,,,,,,,3,,6,1,9,3,3,4,11,6,1,,2,,,,
2019-08-18,,,,,,,,4,,6,8,5,10,,3,3,1,,1,,2,,,
2019-08-19,,,,,,,1,,,1,1,4,3,1,3,3,2,4,,,1,,,
2019-08-20,,,,,,,1,2,1,,,7,4,3,5,1,8,4,4,2,2,,1,
2019-08-21,,,,,,,,1,,1,3,7,3,2,3,2,5,2,3,,,1,,
2019-08-22,1,,,,,,1,,,2,5,1,,1,1,1,3,1,,,,1,,
2019-08-23,,,,,,,,1,2,1,4,9,7,5,9,13,3,6,2,,,,,
2019-08-24,,,,,,,1,2,2,10,18,10,5,12,5,5,2,2,,,,,,
2019-08-25,,,,,,,1,1,2,14,16,19,16,6,11,9,4,,1,1,,,,
2019-08-26,,,,,,,,1,,8,12,16,9,8,5,11,9,1,6,4,1,,,
2019-08-27,,,,,,,,3,2,3,7,6,7,1,4,5,1,3,3,,,,,
2019-08-28,,,,,,,,3,3,1,9,2,1,,2,1,1,3,2,,1,,,
2019-08-29,,,,,,,,4,2,2,6,2,,4,6,3,3,4,3,1,,,,
2019-08-30,,,,,,,1,2,,2,3,1,4,3,2,2,3,4,4,,,,,
2019-08-31,,,,,,,2,6,1,4,10,,1,,2,,,,2,,,,,
2019-09-01,,,,,,,1,,1,1,6,3,5,8,5,2,,2,,,,,,
2019-09-02,,,,,,,1,1,,1,6,9,5,2,3,2,1,4,4,1,1,,,
2019-09-03,,,,,,,1,3,2,,1,11,1,1,2,2,5,6,2,3,,,,
2019-09-04,,,,,,,,1,,1,2,4,1,1,,2,3,3,1,,,,1,
2019-09-05,,,,,,,1,2,,2,7,7,5,3,3,3,3,4,5,1,,,,
2019-09-06,,,,,,,,1,1,,1,1,2,1,2,,2,6,1,2,,1,,
2019-09-07,,,,,,,,3,7,7,11,3,13,14,4,3,5,2,1,2,,,,
2019-09-08,,,,,,,1,2,2,6,7,6,13,13,15,4,1,,4,1,,,,
2019-09-09,,,,,,,,,2,,1,1,1,,1,3,2,7,4,5,,,,
2019-09-10,,,,,,1,,1,1,2,2,3,2,3,1,8,7,2,1,1,,,,
2019-09-11,,,,,,1,,,1,,,,,1,2,5,1,3,1,,,1,,
2019-09-12,,,,,,1,1,2,1,3,,2,2,1,6,1,2,5,,,,,,
2019-09-13,,,,,,,,1,1,1,1,5,5,3,6,1,2,3,4,,,,,
2019-09-14,,,,,,,,1,9,5,17,8,9,5,6,2,4,2,3,1,,,,
2019-09-15,,,,,,,,2,5,5,4,12,7,8,1,2,1,,,,,,,
2019-09-16,,,,,,1,,,1,1,7,3,2,3,3,5,2,11,,1,,,,
2019-09-17,,,,,,1,1,3,2,,,2,4,2,5,5,3,6,3,1,,,,
2019-09-18,,,,,,1,,,2,2,1,5,2,3,3,3,2,2,1,2,,,,
2019-09-19,,,,,,,,2,1,7,3,4,5,5,6,5,5,10,2,3,,,,
2019-09-20,,,,,,,1,1,2,3,4,10,7,2,7,1,4,3,1,1,2,,,
2019-09-21,,,,,,,1,2,1,2,4,14,1,4,19,3,1,3,,,,,,
2019-09-22,,,,,,,,4,4,3,2,,3,,,2,,,,,,,,
2019-09-23,,,,,,,3,,,2,9,2,2,1,4,1,4,12,,,,,,
2019-09-24,,,,,,1,,1,,,,,,,1,,3,5,1,1,,,,
2019-09-25,,,,,,1,,,1,1,,,2,1,1,5,4,2,1,,,,,
2019-09-26,,,,,,,,1,,,3,,1,2,1,2,1,5,1,,,,,
2019-09-27,,,,,,,,,,,5,,1,2,,,1,,1,,,,,
2019-09-28,,,,,,,,,1,,,3,2,,1,2,5,,2,,,,,
2019-09-29,,,,,,,,,,,,2,,,,2,,,,1,,,,
2019-09-30,,,,,,,1,1,,1,4,2,3,1,2,2,2,5,,,,,,
2019-10-01,,,,,,,1,1,,,,,,1,3,,,2,,,,,,
2019-10-02,,,,,,,,1,,1,5,13,2,4,7,3,3,1,1,,,,,
2019-10-03,,,,,,,,1,1,,4,,,,3,2,,2,,1,,,,
2019-10-04,,,,,,,,1,,1,1,1,1,1,3,,1,3,2,,,,,
2019-10-05,,,,,,,,,1,2,2,8,9,2,6,1,3,1,2,,,,,
2019-10-06,,,,,,,,,1,1,4,5,5,3,2,2,,1,,,,,,
2019-10-07,,,,,,,,,,,,,1,1,2,1,2,5,,1,,,,
2019-10-08,,,,,,,,1,1,2,1,3,1,2,4,2,2,2,4,,,,,
2019-10-09,,,,,,,,1,1,1,,1,2,,1,1,1,4,1,,,,,
2019-10-10,,,,,,,1,,1,,3,1,1,,1,,3,3,1,,,,,
2019-10-11,,,,,,,,1,,1,,,,2,4,3,2,3,1,,,,,
2019-10-12,,,,,,,,,1,4,15,9,4,6,7,2,2,3,,,,,,
2019-10-13,,,,,,,,,3,5,,1,5,1,1,2,,1,,,,,,
2019-10-14,,,,,,,,1,2,1,1,4,6,1,5,1,2,4,,,,,,
2019-10-15,,,,,,,,2,,1,2,2,1,1,2,2,4,8,5,,,,,
2019-10-16,,,,,,,,1,,1,,,,,3,,6,3,,,,,,
2019-10-17,,,,,,,,1,1,2,1,1,4,2,2,2,2,6,,,,,,
2019-10-18,,,,,,,,1,1,,5,6,4,2,2,2,3,1,2,,,,,
2019-10-19,,,,,,,,1,2,3,4,4,3,2,1,,1,,,,,,,
2019-10-20,,,,,,,,,2,8,9,7,3,7,2,,2,,,,,,,
2019-10-21,,,,,,,,1,,,,5,3,,2,1,4,8,,,,,,
2019-10-22,,,,,,,,1,1,2,4,5,2,1,3,,2,4,1,,,,,
2019-10-23,,,,,,,,,1,,7,4,8,1,2,4,4,2,,,,,,
2019-10-24,,,,,,,,2,,,3,2,3,2,1,2,1,4,,,,,,
2019-10-25,,,,,,,,,,3,4,1,1,1,2,,1,2,1,,,,,
2019-10-26,,,,,,,,,,,1,,,,1,,,,,,,,,
2019-10-27,,,,,,,,1,,1,6,5,8,4,1,1,1,,,,,,,
2019-10-28,,,,,,,,,,3,1,1,3,4,1,2,1,3,1,,,,,
2019-10-29,,,,,,,,,,1,,8,7,3,3,1,2,3,,1,,,,
2019-10-30,,,,,,,,5,2,6,1,17,4,1,,4,1,1,,,,,,
2019-10-31,,,,,,,,1,,1,1,9,,,2,1,1,1,,1,,,,
2019-11-01,,,,,,,,1,1,1,,,,3,1,1,4,,,1,,,,
2019-11-02,,,,,,,,1,2,,3,5,,,1,,,,,,,,,
2019-11-03,,,,,,,,1,,1,4,10,5,4,3,3,,1,,,,,,
2019-11-04,,,,,,,,,3,,2,6,,1,2,1,4,3,1,,,,,
2019-11-05,,,,,,,,1,,1,,,2,,3,,2,,,,,,,
2019-11-06,,,,,,,,1,,1,1,11,2,1,1,1,2,3,,,,,,
2019-11-07,,,,,,,,1,,,,,,,,1,1,1,,,,,,
2019-11-08,,,,,,,,,,,2,2,3,1,1,2,,1,,1,,,,
2019-11-09,,,,,,,,2,2,2,10,1,6,5,1,1,1,,,,,,,
2019-11-10,,,,,,,2,3,1,6,1,8,9,2,2,1,2,,,,,,,
2019-11-11,,,,,,,,,,,,,3,,3,,4,,,,,,,
2019-11-12,1,,,,,,,1,,,2,1,1,,1,,1,,,,2,,,
2019-11-13,,,,,,,,1,,1,,1,,3,3,1,1,3,,,1,,,
2019-11-14,,,,,,,,1,,3,1,2,2,,,1,2,3,1,,,,,
2019-11-15,,,,,,,,,,1,1,1,4,,1,,1,1,1,,,,,
2019-11-16,,,,,,,,,,,5,2,,2,3,,,,,,,,,
2019-11-17,,,,,,,,3,,,1,1,,1,4,1,,,,1,,,,
2019-11-18,,,,,,,,,2,1,,1,1,2,4,,3,3,1,,,,,
2019-11-19,,,,,,,,1,1,1,,4,2,1,1,,2,1,1,,,,,
2019-11-20,,,,,,,,,1,1,,3,1,3,4,,2,,,,,,,
2019-11-21,,,,,,,,1,2,1,,1,,1,1,,2,,1,,,,,
2019-11-22,,,,,,,,1,,,,3,1,4,,,2,,2,,,,,
2019-11-23,,,,,,,,,1,2,1,2,,,1,,,,,,,,,
2019-11-24,,,,,,,,,,5,7,5,1,3,,,,,,1,,,,
2019-11-25,,,,,,,,1,1,,4,,,,1,,1,1,,,,,,
2019-11-26,,,,,,,,,,,,,,1,1,2,2,2,1,,,,,
2019-11-27,,,,,,,1,1,,,,,1,4,1,,2,2,1,,,,,
2019-11-28,,,,,,,,1,1,,,,1,,2,,2,1,,,,,,
2019-11-29,,,,,,,,,1,1,,2,3,4,5,1,2,,1,,,,,
2019-11-30,,,,,,,,,,,4,2,2,4,,1,,,1,,,,,
2019-12-01,,,,,,,,,3,,5,4,2,,2,2,,,1,,,,,
2019-12-02,,,,,,,,,,1,7,1,4,2,1,1,3,2,,2,,,,
2019-12-03,,,,,,,1,2,1,,,2,2,1,3,2,3,1,,,,,,
2019-12-04,,,,,,,1,,1,,,10,3,4,2,2,3,,1,1,,,,
2019-12-05,,,,,,,,,1,,1,,,2,1,2,2,1,,,,1,,
2019-12-06,,,,,,,,,,,1,,2,,2,1,1,,2,,,,,
2019-12-07,,,,,,,,,3,1,7,7,6,2,1,1,,,,,,,,
2019-12-08,,,,,,,,2,4,,,4,3,1,2,,,,,,,,,
2019-12-09,,,,,,,1,,,1,1,,2,1,2,,3,1,,,,,1,
2019-12-10,,,,,,,,,,,,,,1,1,,2,2,,,,,,
2019-12-11,,,,,,,,,,1,2,3,1,1,2,1,2,1,1,1,,,,
2019-12-12,,,,,,,,2,1,2,,,1,2,1,1,3,,,,,,,
2019-12-13,,,,,,,,,1,,2,,,2,2,,,,1,,,,,
2019-12-14,,,,,,,,,,2,1,,3,,,,,,,1,,,,
2019-12-15,,,,,,,,,2,,3,,5,2,2,,2,,1,,,,,
2019-12-16,,,,,,,2,,1,,2,,2,,4,1,,1,,,,,1,
2019-12-17,,,,,,,1,2,,,,2,2,,5,,3,2,2,,,,,
2019-12-18,,,,,,,,,,,4,3,5,1,2,1,,2,,,,,,
2019-12-19,,,,,,,,1,,3,,3,2,4,2,1,,,,1,,,,1
2019-12-20,,,,,,,,,,1,,,2,,2,1,1,,,,,,,
2019-12-21,,,,,,,,,,1,3,3,2,2,2,,,,,,,,,
2019-12-22,,,,,,,,,2,,6,3,7,10,1,,,,1,,,1,,
2019-12-23,,,,,,,1,,3,1,,2,1,1,2,3,,,,,,,,
2019-12-24,,,1,,,,1,,,,1,1,1,,1,,,,,,,1,,
2019-12-25,,,,,,,,,,2,,2,,,1,,,,,,,,,
2019-12-26,,,,,1,,,,,,1,1,,1,2,,,,,,1,,,
2019-12-27,,,,,,,,,1,1,6,11,5,2,1,,1,,1,,,,,
2019-12-28,,,,1,,,,,,,5,1,5,3,4,2,2,,,,,,,
2019-12-29,,,,,,,,,5,2,4,5,1,5,1,1,,,,,,,,
2019-12-30,,1,,,,,,,,7,6,9,10,3,7,2,1,,,,,,,
2019-12-31,1,,,,,,,,,2,4,4,3,4,1,,,,,,,,,
2020-01-01,,,,,,,,,2,,3,2,6,4,,1,,,,,,,,
2020-01-02,,,,,,,,,,,1,7,3,3,5,1,1,,,,,,,
2020-01-03,,,,,,,,,,3,1,4,16,2,3,3,1,1,,1,,1,,
2020-01-04,,,,,,,,,,4,4,7,1,3,,1,2,,,,,,,
2020-01-05,,,,,,,,,4,1,7,4,6,4,4,1,,,,,,,,
2020-01-06,,,,,,1,1,,1,3,6,,1,2,1,,3,1,,1,,,,
2020-01-07,,,,,,,,1,1,,1,3,1,,3,1,3,1,,,,,,
2020-01-08,,,,,,,,1,,,1,2,1,,3,1,2,,,,2,,,
2020-01-09,,,,,,,,1,,,,,,3,1,2,3,1,,,,1,,
2020-01-10,,,,,,,,1,,,,7,2,2,4,,,1,1,2,1,,,
2020-01-11,,,,,,,,1,,2,2,4,,6,8,,,1,,1,,,,
2020-01-12,,,,,,,,,1,,2,3,2,2,11,3,,,1,1,,,,
2020-01-13,,,,,,,1,,,,2,1,,,2,,3,1,,,,,,
2020-01-14,,,,,,1,,,,,,,,2,1,1,1,3,,,,,,
2020-01-15,,,,,,,1,,,,1,11,2,1,3,,2,1,,,,,,
2020-01-16,,,,,,,,1,2,,,4,,2,2,1,2,2,,,1,,,
2020-01-17,,,,,,,1,,,1,,,,1,4,,1,3,,1,,,,
2020-01-18,,,,,,,,,,3,1,4,12,5,4,2,,1,,,,,,
2020-01-19,,,,,,,,,,8,5,6,14,8,4,,1,,,,,,1,
2020-01-20,,,,,,,,,7,,,2,4,,4,2,3,2,,,,,,1
2020-01-21,,,,,,1,,,,1,1,1,2,1,3,2,3,1,,,,1,,
2020-01-22,,,,,,1,,,2,,1,5,,1,2,1,2,,1,,,,,
2020-01-23,,,,,,,,1,,,2,3,1,1,1,2,2,,,,1,,,
2020-01-24,,,,,,,1,,1,,,1,2,1,2,3,,,1,1,,,1,
2020-01-25,,,,,,,1,,,4,6,5,2,1,1,,1,,,,,,,
2020-01-26,,,,,,,,,2,2,4,4,1,2,1,,2,,1,1,,,,
2020-01-27,,,,,,,,,,2,5,1,1,2,2,1,2,,1,,,,,
2020-01-28,,,,,,1,,1,,,2,,2,3,2,1,,2,,,,,,
2020-01-29,,,,,,1,,,,,4,1,2,4,2,,1,,,,,,,
2020-01-30,,,,,,,,2,,1,4,6,1,1,5,1,1,1,,2,,,,1
2020-01-31,,,,,,,,,,3,1,,3,3,1,,,,1,1,,,,
2020-02-01,,,,,,,,,,4,6,2,2,,2,,,1,,2,,1,,
2020-02-02,,,,,,,,,2,4,1,4,,1,1,,1,,,,,,,
2020-02-03,,,,,,,,,,,3,,1,,3,5,1,1,,,,,1,
2020-02-04,,,,,,,,1,,,1,1,1,5,1,2,1,1,,,,,,
2020-02-05,,,,,,,,,,1,2,2,2,2,4,2,1,2,,,,,,
2020-02-06,,,,,,,1,1,1,,1,1,2,1,9,1,4,,2,,,,,
2020-02-07,,,,,,,,,,,,3,3,1,1,1,2,1,,,,,,
2020-02-08,,,,,,,,,1,2,3,2,3,3,2,,3,1,,,,,,
2020-02-09,,,,,,,,,,,,,,1,,,,,,,,,,
2020-02-10,,,,,,,,,,,,,,,1,,,,,,,,,
2020-02-11,,,,,,,1,,,,,1,,,2,1,1,,3,,,,,
2020-02-12,,,,,,,,,1,3,,1,1,,2,1,,1,1,,,,,
2020-02-13,,,,,,,,1,,2,,,1,1,,3,1,,,,,,,
2020-02-14,,,,,,,,,1,1,1,3,,3,2,,1,,,,,,,
2020-02-15,,,,,,,1,1,,3,,,,2,,,,1,,,,,,
2020-02-16,,,,,,,,,,,1,2,1,,2,,,,,,,,,
2020-02-17,,,,,,,1,,,1,,2,4,,1,2,2,3,1,,,,,
2020-02-18,,,,,,,,,,,1,,,,2,2,,,,,,,,
2020-02-19,,,,,,,,,,1,1,,2,1,2,1,1,,,,,,,
2020-02-20,,,,,,,,,,,,,,1,2,2,1,,,,,,,
2020-02-21,,,,,,,,,,,,1,,1,1,,,1,,1,,,,
2020-02-22,,,,,,,,,3,1,1,1,1,3,,1,1,,,1,,,,
2020-02-23,,,,,,,,,,2,2,1,2,6,3,1,,,,,,,,
2020-02-24,,,,,,,,,,,,,,1,1,1,,,,,,,,
2020-02-25,,,,,,,,,,,,1,,1,2,1,,1,1,,,,,
2020-02-26,,,,,,,1,,,2,,1,1,1,1,1,1,,,,,,,
2020-02-27,,,,,,,1,1,,,,,2,1,2,1,1,,1,,,,,
2020-02-28,,,,,,,,,,,,,,1,1,,,,,1,,,,
2020-02-29,,,,,,,,,1,,,,1,,1,1,1,,,,,,,
2020-03-01,,,,,,,,1,,3,1,2,1,3,3,1,1,1,,,,,1,
2020-03-02,,,,,,,,1,,4,1,,2,2,1,3,,2,1,,,,,
2020-03-03,,,,,,,,1,1,,,,,2,1,3,,3,1,,,,,
2020-03-04,,,,,,,,,1,,2,,5,3,3,2,1,1,2,,,,,
2020-03-05,,,,,,,,1,2,,3,,2,2,2,,2,1,,,,,,
2020-03-06,,,,,,,,,,2,1,2,4,3,3,4,1,,,1,,,,
2020-03-07,,,,,,,1,3,1,3,3,6,7,5,7,2,2,,,,,,,
2020-03-08,,,,,,,,,1,3,1,15,2,,3,1,1,,,,,,,
2020-03-09,,,,,,,,,1,2,,,2,1,2,2,1,1,,,,,,
2020-03-10,,,,,,,,,,1,,,1,1,1,,3,,1,,1,,,
2020-03-11,,,,,,,1,,1,,,1,,5,1,3,,2,,,,,,
2020-03-12,,,,,,,,1,1,1,,1,1,,1,,2,,,1,1,,,
2020-03-13,,,,,,,1,,2,4,2,2,3,2,3,,1,1,,,,,,
2020-03-14,,,,,,,,,3,4,5,2,4,2,7,7,,2,,,,,,
2020-03-15,,,,,,,,,1,3,4,,4,3,2,5,,1,,,,,,
2020-03-16,,,,,,,,,,1,2,2,4,3,1,2,4,,2,,,,,
2020-03-17,,,,,,,1,,2,,,1,3,1,2,3,2,2,1,,,,,
2020-03-18,,,,,,,,,,1,1,,3,2,2,2,1,1,,2,,,,
2020-03-19,,,,,,,1,1,,1,1,2,3,,3,3,,2,,,,,,
2020-03-20,,,,,,,1,,1,2,1,6,4,5,10,2,4,,1,1,,1,,
2020-03-21,,,,,,,,4,1,6,2,9,4,7,6,1,3,,1,,,,,
2020-03-22,,,,,,,2,,1,1,9,9,11,16,6,6,3,1,,,,1,,
2020-03-23,,,,,,,,2,1,1,2,1,1,2,2,6,4,4,,2,,,,
2020-03-24,,,,,,,,3,,,3,3,1,3,9,5,1,5,1,,,,,
2020-03-25,,,,,,,,2,1,3,1,4,12,2,10,3,1,4,,,,,,
2020-03-26,,,,,,,1,3,,1,5,4,6,9,2,2,8,4,4,3,,4,,
2020-03-27,,,,,,1,2,1,,3,1,6,7,9,6,5,5,1,,,1,,,
2020-03-28,,,,,,,3,3,1,3,2,6,10,5,1,2,2,2,,,,,,
2020-03-29,,,,,,,,3,,,4,3,2,5,4,1,4,3,,,,,,
2020-03-30,,,,,,,2,3,2,1,2,2,1,1,8,4,1,,5,1,,,,
2020-03-31,,,,,,,,4,,2,3,6,3,1,5,12,2,4,2,1,,,,
2020-04-01,,,,,,1,2,2,2,2,1,3,3,3,3,6,3,,3,,,,,
2020-04-02,,,,,,1,1,1,1,,3,,4,1,1,1,1,2,1,,1,,,
2020-04-03,,,,,,1,1,3,,3,5,2,3,4,10,1,7,5,,,1,,,
2020-04-04,,,,,,,1,3,5,2,5,7,4,9,5,5,7,3,2,,,,,
2020-04-05,,,,,,,1,1,1,5,5,22,9,7,6,9,10,2,1,1,,,,
2020-04-06,,,,,,,,5,,4,2,4,1,2,2,8,,2,3,3,,,,
2020-04-07,,,,,,,1,3,,3,3,11,7,10,7,3,8,3,7,3,1,,,
2020-04-08,,,,,,,2,2,,1,4,4,5,6,6,4,4,3,3,2,,,,
2020-04-09,,,,,,,1,1,,7,3,2,5,4,5,4,5,3,3,2,,,,
2020-04-10,,,,,,,1,8,2,5,9,8,5,9,9,4,12,6,5,1,,1,,
2020-04-11,,,,,,,1,6,6,,2,7,11,7,26,15,9,4,3,2,2,,,
2020-04-12,,,,,,,1,4,2,2,12,10,9,13,14,9,7,3,,,,,,
2020-04-13,,,,,,,,1,,5,2,,6,3,3,2,5,3,3,3,2,,,
2020-04-14,,,,,,,,3,2,4,2,6,8,6,7,11,4,4,3,1,,,,
2020-04-15,,,,,,1,2,1,3,4,4,3,3,11,12,6,4,5,2,1,3,2,,
2020-04-16,,,,,,1,,9,1,5,1,3,10,2,12,2,5,9,6,2,1,,,
2020-04-17,,,,,,,1,2,,5,,8,8,7,2,8,6,1,2,3,,,,
2020-04-18,,,,,,,2,2,2,6,1,5,9,7,10,3,2,,2,2,,,,
2020-04-19,,,,,,,2,3,3,5,5,9,17,16,8,18,14,7,6,1,,,,
2020-04-20,,,,,,,2,3,,3,5,8,14,1,9,9,5,5,12,,4,,,
2020-04-21,,,,,,1,,2,3,7,4,2,7,5,6,4,3,11,3,2,,,,
2020-04-22,,,,,,2,1,3,2,3,4,5,6,17,18,8,7,3,2,3,4,,,
2020-04-23,,,,,,,2,2,,2,6,6,10,8,9,10,1,5,3,2,1,,,
2020-04-24,,,,,,,1,5,1,8,9,8,10,8,10,5,4,3,5,10,1,,,
2020-04-25,,,,,,,3,,8,7,10,26,3,20,9,14,17,10,6,,,,,
2020-04-26,,,,,,,1,5,10,14,5,8,16,14,8,7,4,3,7,1,,,,
2020-04-27,,,,,,,1,1,1,5,5,6,2,4,9,5,14,5,6,1,,2,,
2020-04-28,,,,,,1,1,3,,2,2,9,6,3,4,5,1,1,1,,,,,
2020-04-29,,,,,,,1,1,3,2,6,3,2,1,3,1,1,2,1,2,1,,,
2020-04-30,,,,,,,2,2,1,3,5,8,1,4,7,7,5,4,2,,,,,
2020-05-01,,,,,,,1,3,,6,1,2,3,4,4,2,5,7,2,,1,,,
2020-05-02,,,,,,,3,5,9,5,10,22,14,20,8,3,25,8,1,3,1,3,,
2020-05-03,,,,,,,2,2,8,9,18,18,17,14,12,11,13,9,1,1,,,,
2020-05-04,,,,,,,2,1,,2,6,2,9,5,7,9,6,6,9,2,1,,,
2020-05-05,,,,,,1,3,3,3,5,2,6,7,11,8,7,11,2,4,4,1,,,
2020-05-06,,,,,,,2,1,,3,7,9,13,15,11,14,11,15,8,6,4,,,
2020-05-07,,,,,,,3,4,,3,6,13,8,9,10,2,15,4,8,4,2,,,
2020-05-08,,,,,,,3,1,7,8,20,5,26,19,7,15,9,4,3,2,1,,,
2020-05-09,,,,,,,3,1,10,3,21,13,5,14,10,16,14,7,6,1,,,1,
2020-05-10,,,,,,,3,,8,,4,5,8,6,8,7,,1,2,2,2,,,
2020-05-11,,,,,,1,3,1,1,1,4,6,1,4,3,6,4,2,7,2,,2,,
2020-05-12,,,,,,,3,2,1,10,2,6,6,,7,3,,4,3,1,,,,
2020-05-13,,,,,,,,2,3,2,5,12,3,3,6,1,6,6,8,7,2,,,
2020-05-14,,,,,,,4,2,,7,9,6,7,10,12,6,6,5,3,7,2,,,
2020-05-15,,,,,,1,2,3,2,5,8,3,11,6,14,8,5,,7,3,,,,
2020-05-16,,,,,,,3,3,3,5,15,13,13,27,30,11,9,5,,,,,1,
2020-05-17,,,,,,,3,2,8,5,15,20,17,14,29,10,8,,1,2,1,,,
2020-05-18,,,,,,,1,6,1,2,10,5,2,9,8,8,9,6,4,1,,,1,
2020-05-19,,,,,,,4,2,1,4,3,5,6,6,10,8,10,7,1,6,2,4,,
2020-05-20,,,,,,,3,4,,5,5,14,18,15,14,5,10,14,6,11,2,,,
2020-05-21,,,,,,,4,2,,3,10,9,9,13,7,5,9,5,7,3,2,2,,
2020-05-22,,,,,,1,,3,,8,5,5,10,6,4,4,2,4,3,3,,,,
2020-05-23,,,,,,1,1,1,1,7,15,12,11,15,21,4,2,2,,,1,,,
2020-05-24,,,,,,,4,,9,10,10,9,1,10,9,1,13,6,3,6,,,1,
2020-05-25,,,,,,1,6,3,7,10,39,21,16,33,16,20,5,8,12,2,6,,,
2020-05-26,,,,,,,5,4,4,5,12,11,10,2,5,11,12,3,13,3,5,,,
2020-05-27,,,,,,,2,4,2,8,10,18,19,7,18,9,11,6,8,1,3,,,
2020-05-28,,,,,,,6,3,2,4,13,5,13,11,13,12,1,10,13,2,2,,1,
2020-05-29,,,,,,,6,4,4,1,15,12,16,11,17,9,5,7,10,5,,1,,
2020-05-30,,,,,,,4,5,9,16,24,20,12,14,12,25,11,5,5,3,3,,,
2020-05-31,,,,,,2,3,6,20,25,25,20,23,7,29,10,8,14,1,1,1,,,
2020-06-01,,,,,,,6,1,1,3,12,7,12,13,12,13,5,12,14,2,,2,,
2020-06-02,,,,,,2,7,5,6,1,11,6,6,10,8,4,13,14,16,4,3,,,
2020-06-03,,,,,,,4,2,1,1,2,,1,4,3,2,1,3,8,9,,,,
2020-06-04,,,,,,1,4,1,1,2,3,1,7,1,4,6,5,6,2,2,6,,,
2020-06-05,,,,,,,1,4,5,4,6,16,6,4,7,4,3,8,9,1,,,,
2020-06-06,,,,,,,2,,4,10,4,3,12,7,9,2,7,2,4,,,,,
2020-06-07,,,,,,,6,6,,,7,11,11,23,18,17,8,4,1,2,,,,
2020-06-08,,,,,,,5,2,1,4,4,9,4,8,12,3,10,1,3,,3,,,
2020-06-09,,,,,,1,5,3,7,2,8,19,6,13,16,12,6,7,13,4,1,,,
2020-06-10,,,,,,,2,2,3,3,1,6,2,3,15,3,2,2,5,8,1,,,
2020-06-11,,,,,,1,3,2,,2,2,4,4,6,3,11,7,1,4,5,,1,,
2020-06-12,,,,,1,,1,2,,2,3,,2,3,,8,1,2,,,,,,
2020-06-13,,,,,,,2,,3,7,5,3,14,26,14,23,15,5,7,4,,1,,
2020-06-14,,,,,,,3,4,11,18,15,33,28,23,14,20,3,3,3,,2,,,
2020-06-15,,,,,,,3,6,4,4,7,10,7,14,9,5,6,3,7,4,2,,,
2020-06-16,,,,,,1,3,4,1,5,10,9,,4,7,10,8,10,10,3,,1,,
2020-06-17,,,,,,1,3,6,4,6,9,10,7,3,7,5,3,16,19,5,1,,,
2020-06-18,,,,,,2,1,5,,2,,1,5,2,2,2,,,2,,1,,,
2020-06-19,,,,,,,2,4,1,2,5,7,5,,4,4,2,5,1,2,,,,
2020-06-20,,,,,,,5,3,15,8,12,13,30,32,27,19,4,12,2,5,4,,,
2020-06-21,,,,,1,1,,,3,2,10,13,18,13,10,11,4,7,2,,2,,,
2020-06-22,,,,,,2,4,5,2,3,3,12,5,8,6,7,6,9,7,4,1,3,,
2020-06-23,,,,,,1,3,4,5,8,20,12,11,9,10,6,8,12,22,4,7,,,
2020-06-24,,,,,,3,6,7,1,8,14,20,8,5,8,11,6,8,3,7,12,2,,
2020-06-25,1,,,,,1,5,3,3,7,14,5,10,11,10,12,3,8,3,13,1,1,1,
2020-06-26,,,,,,,1,7,3,6,2,1,7,,9,4,4,3,4,1,,,,
2020-06-27,,,,,,,6,,2,3,6,3,1,6,6,6,5,,2,,,,,
2020-06-28,,,,,,,2,1,12,10,7,1,2,10,11,4,,2,3,,,,,
2020-06-29,,,,,,1,,2,,1,1,,,,3,2,1,1,2,1,1,,,
2020-06-30,,,,,,1,1,3,2,1,3,7,2,7,8,7,9,6,14,4,2,,,
2020-07-01,,,,,,1,4,2,1,3,1,9,7,3,8,10,5,1,7,3,2,,,
2020-07-02,,,,,,1,2,2,,5,,1,1,10,7,5,4,7,6,,,2,,
2020-07-03,,,,,,1,2,5,1,3,4,2,5,1,10,,4,4,2,,1,1,,
2020-07-04,,,,,,,1,2,2,20,4,8,4,6,19,9,6,,2,,,,,
2020-07-05,,,,,,,,2,4,10,13,13,17,11,2,6,10,,,,1,1,,
2020-07-06,,,,,,,1,2,3,4,1,1,10,5,8,4,2,13,8,3,1,1,,
2020-07-07,,,,,,1,3,3,1,3,5,3,2,4,1,2,1,3,4,2,,,,
2020-07-08,,,,,,1,,3,1,1,9,7,8,9,8,10,5,4,13,5,,,,
2020-07-09,,,,,,,,1,2,3,,1,6,3,1,3,4,3,6,,,,,
2020-07-10,,,,,,,3,4,,3,9,10,7,5,7,2,12,6,1,6,3,3,,
2020-07-11,,,,,,,1,4,7,14,6,12,8,12,4,8,4,1,2,6,,1,4,
2020-07-12,,,,,,1,2,,7,17,20,21,17,22,8,19,7,7,5,10,,2,1,
2020-07-13,,,,,,,4,2,1,1,1,5,2,5,3,7,1,4,7,,1,1,,
2020-07-14,,,,,,1,2,2,4,5,6,5,3,11,4,5,6,4,6,4,1,,,
2020-07-15,,,,,,,2,1,4,3,4,1,2,5,5,7,2,5,12,,,,1,
2020-07-16,,,,,,,2,1,,4,2,7,6,2,4,13,9,11,9,4,2,,,1
2020-07-17,,,,,1,,2,1,3,4,10,8,6,9,16,4,9,3,5,2,2,,,6
2020-07-18,,,,,,,1,,9,6,11,6,1,3,6,14,1,3,,5,,2,,
2020-07-19,,,,,,,1,9,20,14,24,8,9,19,21,5,13,5,5,,2,1,,
2020-07-20,,,,,,,1,3,,1,1,3,3,4,13,4,1,9,7,2,4,5,,
2020-07-21,,,,,,,3,2,5,5,12,9,4,9,12,7,8,7,8,,2,2,,
2020-07-22,,,,,,1,4,3,3,6,3,3,7,4,2,5,1,7,9,,,1,,
2020-07-23,,,,,,1,2,1,4,9,7,8,5,9,3,4,1,1,9,,1,,,
2020-07-24,,,,,,,,7,4,4,11,10,15,2,15,5,6,2,7,2,1,2,1,
2020-07-25,,,,,,,1,,1,1,3,15,2,7,7,6,12,3,1,1,1,,,
2020-07-26,,,,,,1,,1,13,5,8,20,17,15,11,8,11,3,10,1,,,,
2020-07-27,,,,,,1,,3,1,1,,3,,1,1,2,,2,1,6,1,,,
2020-07-28,,,,,,,4,2,1,7,4,5,2,4,8,3,2,8,4,1,3,,,
2020-07-29,,1,,,,1,,1,1,5,13,4,3,4,3,5,4,10,11,7,1,,,
2020-07-30,,,,,,,3,1,,5,5,4,9,9,9,7,8,5,6,2,,1,,
2020-07-31,,,,,,,2,4,5,3,11,10,5,17,10,3,2,6,4,2,2,,,
2020-08-01,,,,,,,2,3,6,5,23,5,13,12,16,10,2,1,2,,,1,,
2020-08-02,,,,,,,2,2,14,10,12,19,24,7,30,2,3,4,10,,1,1,,
2020-08-03,,,,,,,2,4,2,3,10,20,6,8,8,3,5,3,8,2,3,1,,
2020-08-04,,,,,,1,4,2,1,5,2,8,1,3,4,11,6,6,4,,1,,,
2020-08-05,,,,,,1,,2,1,1,7,4,8,1,3,1,3,4,8,2,,1,,
2020-08-06,,,,,,,3,1,1,5,9,11,15,16,12,11,9,13,8,4,1,,,
2020-08-07,,,,,,,3,2,11,6,3,18,8,4,12,6,7,4,3,4,3,3,1,
2020-08-08,,,,,,,1,2,10,6,19,3,8,35,10,13,4,1,2,5,,,1,
2020-08-09,,,,,,,,5,7,13,8,10,6,23,10,10,8,7,1,1,2,,,
2020-08-10,,,,,,,,3,1,2,3,11,12,2,3,3,6,9,13,1,,,,
2020-08-11,,,,,,1,2,2,,3,9,8,4,8,9,2,3,8,7,9,2,2,,
2020-08-12,,,,,,1,,1,1,2,8,7,13,7,6,6,3,6,14,6,1,1,,
2020-08-13,,,,,,,1,2,2,6,10,9,12,10,4,5,8,5,20,1,,1,,
2020-08-14,,,,,,,1,3,,2,4,6,2,11,8,17,3,8,2,11,2,1,,
2020-08-15,,,,,,,1,1,5,11,9,18,8,19,10,7,5,8,5,1,,,,
2020-08-16,,,,,,,,,12,6,3,13,4,4,,1,,2,4,,,,,
2020-08-17,,,,,,,,,1,1,4,3,7,2,6,3,3,6,1,3,,,,
2020-08-18,,,,,,,5,2,,3,8,1,2,5,3,18,4,4,8,4,1,,,
2020-08-19,,,,,,1,1,2,1,3,5,11,4,6,1,1,3,,3,,,,2,
2020-08-20,,,,,,,3,2,2,5,12,14,1,2,16,13,2,9,6,2,6,,,
2020-08-21,,,,,,,1,2,2,1,,6,8,3,,,2,,3,1,,,,
2020-08-22,,,,,,,1,1,1,11,18,2,1,2,1,,1,5,1,2,,,,
2020-08-23,,,,,,,1,5,3,9,7,19,20,,13,2,2,6,6,,,,,
2020-08-24,,,,,,,,3,3,1,14,29,6,7,3,6,5,12,7,,1,,,
2020-08-25,,,,,,,,1,,,1,2,,1,5,2,2,,,,,,,
2020-08-26,,,,,,,4,1,,3,4,10,5,7,3,2,2,6,8,8,2,1,,
2020-08-27,,,,,,,,2,2,2,8,5,7,6,1,3,6,2,2,,1,,,
2020-08-28,,,,,,,,1,,,1,1,1,2,5,4,2,4,1,,,,,1
2020-08-29,,,,,,,,4,4,5,9,10,4,15,5,4,1,1,1,2,,1,,
2020-08-30,,,,,,,2,2,6,8,15,30,14,15,5,4,7,1,2,1,1,,,
2020-08-31,,,,,,,1,1,5,5,6,24,12,15,8,11,10,3,4,1,2,,,
2020-09-01,,,,,,,,2,,6,6,8,9,18,9,9,7,3,6,1,,,,
2020-09-02,,,,,,,,4,2,3,7,6,7,3,3,4,5,1,1,,,,,
2020-09-03,,,,,,,,1,2,5,2,5,,6,9,9,7,3,1,2,,,1,
2020-09-04,,,,,,,2,4,2,2,2,3,2,7,6,6,4,10,1,,,,,
2020-09-05,,,,,,,2,,3,8,9,13,7,16,3,12,9,3,1,,,,,
2020-09-06,,,,,,,1,1,11,3,5,13,11,12,8,7,1,1,2,,,,,
2020-09-07,,,,,,1,1,5,,2,4,12,3,4,4,2,4,6,1,1,,,,
2020-09-08,,,,,,,1,1,2,2,2,,2,5,5,5,1,4,7,3,,1,2,
2020-09-09,,,,,,1,3,,3,4,7,8,4,3,6,2,7,7,2,,,,,
2020-09-10,,,,,,1,1,3,,3,11,7,4,2,6,5,10,3,2,,1,,,
2020-09-11,,,,,,,,,2,4,11,,4,1,2,2,2,9,3,,,3,,
2020-09-12,,,,,,,,2,5,12,3,12,9,11,2,7,6,9,,,3,,,
2020-09-13,,,,,,,3,2,11,8,10,13,28,21,17,24,10,8,,,,,,
2020-09-14,,,,,,,,5,2,4,7,12,6,7,10,3,9,6,11,3,2,,,
2020-09-15,,,,,,,2,2,6,5,5,6,3,7,6,3,5,10,5,1,,,,
2020-09-16,,,,,,,2,2,3,4,1,5,5,4,7,3,5,4,5,3,,1,,
2020-09-17,,,,,,1,1,5,2,4,4,2,5,10,6,4,6,6,6,,1,,,
2020-09-18,,,,,,,1,3,1,9,5,7,8,,8,4,6,3,6,3,,,,
2020-09-19,,,,,,,,,2,5,9,9,6,14,7,11,2,4,8,,2,,,
2020-09-20,,,,,,,,2,16,11,9,20,24,9,9,4,5,4,,1,,,,
2020-09-21,,,,,,,1,1,,1,4,5,11,5,5,9,15,11,3,1,,,,
2020-09-22,,,,,,,1,3,2,3,7,10,6,7,13,7,4,10,8,8,,,,
2020-09-23,,,,,1,1,,2,,2,2,,,1,2,1,3,5,2,2,,,,
2020-09-24,,,,,,,,1,,2,1,2,1,1,4,4,5,4,2,,,,,
2020-09-25,,,,,,1,1,2,,,2,14,5,3,9,5,1,5,,1,,,,
2020-09-26,,,,1,,,,9,2,8,4,17,9,10,9,7,2,1,1,1,,,5,
2020-09-27,,,,,,,,1,7,17,13,13,13,14,10,7,6,3,,2,,,,
2020-09-28,,,,,,,1,1,2,5,4,6,4,4,6,7,4,4,1,,1,,,
2020-09-29,,,,,,1,1,2,,5,11,5,6,5,10,3,8,9,7,,,,,
2020-09-30,,,,,,2,,2,3,1,2,1,4,,2,2,6,2,2,,,,,
2020-10-01,,,,,,,1,,1,1,11,5,2,1,6,8,3,7,5,,4,1,,
2020-10-02,,,,,,,1,1,1,,2,6,5,3,6,2,3,3,,,,,,
2020-10-03,,,,,,,,,3,1,2,5,,3,,1,,2,,,,,,
2020-10-04,,,,,,,,12,9,14,14,7,4,8,7,3,10,1,,1,1,,,
2020-10-05,,,,,,,,2,1,1,1,5,5,6,9,4,4,10,3,1,,,,
2020-10-06,,,,,,,,1,,5,1,1,2,,1,2,1,5,1,,,,,
2020-10-07,,,,,,,1,1,,2,4,3,12,1,5,1,6,8,5,,,,,
2020-10-08,,,,,,,,1,,1,6,3,2,3,5,4,4,1,2,,,,,
2020-10-09,,,,,,,,,2,2,2,3,3,2,3,5,,4,,1,,,,
2020-10-10,,,,,,,,,,5,5,2,2,3,7,10,2,1,,,,,,
2020-10-11,,,,,,,,2,13,13,9,19,21,11,16,7,6,1,1,,,,,
2020-10-12,,,,,,,,1,1,1,4,,1,2,3,4,,3,1,1,,,,
2020-10-13,,,,,,,,3,,,2,1,2,1,2,1,,5,1,,,,,
2020-10-14,,,,,,,1,2,1,2,4,12,2,3,3,3,6,5,1,,,1,,
2020-10-15,,,,,,,,2,,6,6,2,8,2,4,4,3,4,5,,,,,1
2020-10-16,,,,,,,1,1,,1,6,5,8,2,4,1,3,4,,1,,,,
2020-10-17,,,,,,,1,,2,7,14,7,12,10,5,16,1,,1,,,,,
2020-10-18,,,,,,,,1,13,7,18,22,8,12,10,11,1,1,,1,,,,
2020-10-19,,,,,,,1,1,2,2,7,3,3,,5,4,4,3,3,1,,,1,
2020-10-20,,,,,,,,3,,2,2,1,10,,6,5,4,6,1,1,,,,
2020-10-21,,,,,,,,3,1,4,,6,1,1,2,2,2,,1,1,,,,
2020-10-22,,,,,,,,3,,6,3,3,4,3,2,3,,3,2,,1,,,
2020-10-23,,,,,,,,3,,3,3,1,1,2,2,4,,2,1,,,,,
2020-10-24,,,,,,,,3,3,4,5,4,1,5,,,,,,,,,,
2020-10-25,,,,,,,,3,15,13,11,11,15,12,11,3,3,1,1,,,,,
2020-10-26,,,,,,,2,2,,,4,1,4,3,4,3,,,2,1,,,,
2020-10-27,,,,,,,,2,,1,,,5,2,4,1,,1,1,,,,,
2020-10-28,,,,,,,1,2,1,3,4,10,3,3,3,1,3,2,1,,,,,
2020-10-29,,,,,,,,2,,2,2,,3,1,,1,,4,3,,,,,
2020-10-30,,,,,,,,2,,1,,2,1,,8,3,,2,,,,,,
2020-10-31,,,,,,1,,2,1,6,5,1,2,1,,5,2,,,,,,,
2020-11-01,,,,,,,,1,2,11,5,4,1,6,1,3,1,,,,,,,
2020-11-02,,,,,,,,2,,1,4,,1,,2,1,2,,,,1,,,
2020-11-03,,,,,,,,2,1,1,1,3,1,1,3,2,1,2,4,1,2,,,
2020-11-04,,,,,,,,,,2,3,9,6,5,2,2,1,3,8,1,,,,
2020-11-05,,,,,,,,1,1,3,2,5,3,1,2,4,6,2,,,,,,
2020-11-06,,,,,,,,1,1,5,2,3,4,9,4,2,3,,,,,,,
2020-11-07,,,,,,1,,6,1,10,9,17,24,18,14,1,3,,,,,,,
2020-11-08,,,,,,,,2,4,6,5,16,7,6,10,4,3,,,1,,,,
2020-11-09,,,,,,,,2,1,,2,7,5,,4,3,3,3,,,,,,
2020-11-10,,,,,,,3,3,,2,4,11,8,3,6,4,4,,2,,,,,
2020-11-11,,,,,,,1,2,1,2,8,8,5,6,7,2,5,1,5,,,,,
2020-11-12,,,,,,,1,2,,4,8,7,8,6,8,3,3,1,,,1,,,
2020-11-13,,,,,,,3,,1,1,3,5,4,3,4,6,,2,1,,,,,
2020-11-14,,,,,,,1,5,2,8,1,7,8,6,4,5,3,2,,1,,,,
2020-11-15,,,,,,,1,4,10,14,3,12,8,9,9,1,,,,,,1,,
2020-11-16,,,,,,,3,1,1,,7,6,3,4,1,,1,2,1,,,,,
2020-11-17,,,,,,,3,4,,3,2,13,3,4,6,3,4,2,2,,,,,
2020-11-18,,,,,,,1,1,,3,1,2,2,2,1,3,1,3,1,,,1,,
2020-11-19,,,,,,,2,2,,3,6,9,6,2,2,6,4,1,1,,1,,,
2020-11-20,,,,,,,1,,1,2,7,3,3,2,3,1,3,3,,1,,1,,
2020-11-21,,,,,,1,,3,4,6,14,11,7,1,2,,,2,,,,,,
2020-11-22,,,,,,,1,,8,20,12,13,10,13,8,2,1,,,,1,,,
2020-11-23,,,,,,,4,,2,,3,12,2,3,2,1,5,2,,,1,,,
2020-11-24,,,,,,,2,2,1,3,3,9,2,3,1,,1,3,2,,1,,,
2020-11-25,,,,,,,2,1,4,1,3,2,2,5,2,1,,3,7,1,1,,,
2020-11-26,,,,,,,2,1,,6,11,7,8,3,5,1,2,1,3,,2,1,,
2020-11-27,,,,,,,2,,1,1,7,3,3,4,2,,1,2,,,,,,
2020-11-28,,,,,,,1,3,3,5,12,7,3,4,3,,,,,,,,,
2020-11-29,,,,,,,,1,9,14,10,15,6,12,5,3,,,,1,,,,
2020-11-30,,,,,,1,3,1,,4,1,1,1,1,2,3,,3,1,1,,,,
2020-12-01,,,,,,,1,4,1,2,9,11,5,,2,5,2,2,1,1,,,,
2020-12-02,,,,,,,1,2,,1,,7,,,2,1,2,4,2,,,,,
2020-12-03,,,,,,,1,2,1,3,4,2,4,1,1,,3,1,1,,,,,
2020-12-04,,,,,,,1,1,1,,,1,3,1,1,,1,,,,,,,
2020-12-05,,,,,,,,1,3,13,6,2,1,4,6,4,1,,,,,,,
2020-12-06,,,,,,,,5,5,7,9,7,7,2,1,3,,,,,,,,
2020-12-07,,,,,,,2,1,1,2,5,2,2,,5,,,4,1,1,,,,
2020-12-08,,,,,,,2,3,,,,3,,1,,1,1,2,1,,,,,
2020-12-09,,,,,,,1,1,,1,2,4,3,,3,1,2,1,1,2,,1,,
2020-12-10,,,,,,,,2,1,2,3,8,2,,3,1,1,2,1,,,,,
2020-12-11,,,,,,,,,2,1,6,,1,1,1,3,1,1,,,,,,
2020-12-12,,,,,,,,,11,4,6,3,1,2,,2,,,,,,,,
2020-12-13,,,,,,,,4,1,4,6,1,3,2,,,,,,,,,,
2020-12-14,,,1,,,,2,,,1,5,9,2,3,2,1,,2,1,,,,,
2020-12-15,,,,,,,2,1,,2,9,6,4,3,7,2,3,4,3,,,,,
2020-12-16,,,,,,,1,,,3,,,,2,2,,,1,8,,,1,,
2020-12-17,,,,,,,1,1,2,7,12,7,4,4,3,2,1,2,2,,,,,
2020-12-18,,,,,,,1,1,,,2,,1,1,3,,1,2,,,,,,
2020-12-19,,,,,,,,5,10,1,12,8,4,9,,5,,,,,,,,
2020-12-20,,,,,,,,2,4,15,12,13,5,10,11,4,,,,,3,,,
2020-12-21,,,,,,,1,,,1,,,1,1,1,1,,,,,,,,
2020-12-22,,,,,,1,1,,,3,3,9,9,5,4,5,1,1,,,,,,
2020-12-23,,,,,,,,,1,,,,,1,1,,,,,,,,,
2020-12-24,,,,,,,,,1,2,6,5,2,4,1,2,,,,,,,,
2020-12-25,,,,,,,,,,4,,4,3,,,1,,1,,,,,,
2020-12-26,,,,,,,,,,1,1,,8,,2,,1,,,,,,,
2020-12-27,,,,,,,,,1,,2,2,7,,,1,,,,,,,,
2020-12-28,,,,,,,,,4,9,8,1,3,2,2,1,,,,,,,,
2020-12-29,,,,,,,,,,,,1,3,7,4,,,,1,,,,,
2020-12-30,,,,,,,,,,2,1,6,2,1,1,1,1,,,,,,,
2020-12-31,,,,,,,,,,,5,8,6,1,1,2,,,,,,,,
2021-01-01,,,,,,,,,,,2,2,6,2,3,4,,,,,,,,
2021-01-02,,,,,,,,,2,7,8,3,,6,2,1,1,,,,,,,
2021-01-03,,,,,,,,,,,,4,1,,5,1,,1,,,,,,
2021-01-04,,,,,,,1,,1,,,1,,1,,,1,,,1,,,,
2021-01-05,,,,,,,1,1,,,,,4,,1,3,1,1,,,1,,,
2021-01-06,,,,,,,1,1,,3,1,4,2,1,1,4,,1,,3,2,,1,
2021-01-07,,,,,,,2,,,,1,2,2,4,1,2,,1,,2,,,1,
2021-01-08,,,,,,,,,,1,,2,1,2,,,,2,,,,,,
2021-01-09,,,,,,,,,,3,2,2,2,4,4,1,,,,,,,,
2021-01-10,,,,,,,,,3,4,5,2,3,,2,,,,1,,,1,,
2021-01-11,,,,,,,2,,,1,,2,3,2,1,2,,,2,,,,1,
2021-01-12,,,,,,,1,1,,4,4,7,2,2,6,8,3,,1,4,,,,
2021-01-13,,,,,,,1,1,,,,,,,2,1,,3,,,,2,,
2021-01-14,,,,,,,,,,,1,2,,,1,1,,1,,1,,,,
2021-01-15,,,,,,,,,,,,,1,4,1,,1,,,1,,,,
2021-01-16,,,,,,,,,,,1,3,,4,1,,3,1,,,,,,
2021-01-17,,,,,,,3,1,,6,7,8,9,,6,,3,,1,2,,,1,
2021-01-18,,,,,,,2,,,,2,3,2,4,,2,1,1,,1,,,,
2021-01-19,,,,,,,,,,,,2,,3,1,1,,,,,,,,
2021-01-20,,,,,,,,,,,,,,,1,1,1,1,,,,,,
2021-01-21,,,,,,,,,,,,,,,1,4,2,2,,,1,,,
2021-01-22,,,,,,,,,,2,1,6,1,4,1,,1,,,,,,,
2021-01-23,,,,,,1,,,1,3,9,5,7,7,7,4,2,1,,,,,,
2021-01-24,,,,,,,,,3,4,5,10,6,9,1,4,,3,,,,1,,
2021-01-25,,,,,,,1,,,1,2,5,4,1,11,1,,3,1,,,,,
2021-01-26,,,,,,,2,,,,,3,1,2,1,2,,,2,,,1,,
2021-01-27,,,,,,,1,,,1,2,5,3,3,2,2,3,5,2,4,,1,,
2021-01-28,1,,,,,,,1,,,1,1,,,2,3,,3,1,2,1,,,
2021-01-29,,,,,,,1,,,,2,2,7,2,3,2,,2,,1,,,,
2021-01-30,,,,,,,,2,3,4,8,15,7,8,3,9,,1,,,,,,
2021-01-31,,,,,,,,2,1,11,4,9,13,13,3,7,1,3,,,,,,
2021-02-01,,,,,,,3,,,4,3,4,7,,4,2,,2,,,1,,,
2021-02-02,,,,,,,,,,,,,,,2,1,,,,,,,,
2021-02-03,,,,,,,,,,,,,2,,2,1,1,,,,1,,,
2021-02-04,,,,,,,,,,1,,1,1,3,1,3,,2,,2,,,,
2021-02-05,,,,,,,,1,,1,5,4,1,3,1,4,3,2,,1,,,,1
2021-02-06,,,,,,,,1,,5,2,3,1,,1,,,,2,,,,,
2021-02-07,,,,,,,,,2,3,4,3,7,3,5,3,,,,3,,,,
2021-02-08,,,,,,,,,1,,3,2,2,,2,2,,,2,,,,,
2021-02-09,,,,,,,1,1,,,,1,3,,4,1,2,1,1,,,1,,
2021-02-10,,,,,,,1,1,,1,2,1,4,1,5,3,,,1,,,,,
2021-02-11,,,,,,,,,,,1,2,1,,,4,2,1,,,,,1,
2021-02-12,,,,,,,1,,,1,,3,5,,4,1,2,,,,,,,
2021-02-13,,,,,,,,,1,3,8,7,4,4,2,3,1,,,,,,,
2021-02-14,,,,,,,,2,1,7,4,12,8,,5,,,2,,,,,,
2021-02-15,,,,,,,,,1,3,8,4,12,9,3,4,1,3,1,,,,,
2021-02-16,,,,,,,,,,1,2,8,2,1,5,6,5,1,,,,,,
2021-02-17,,,,,,,,,2,,4,10,9,7,5,7,1,4,8,2,,,1,
2021-02-18,,,,,,,,,1,,,6,8,2,2,1,3,1,1,,,,,
2021-02-19,,,,,,,,1,,,3,10,6,8,5,1,2,1,,1,1,,,
2021-02-20,,,,,,,,2,2,5,9,7,6,1,1,3,2,,,,,,,
2021-02-21,,,,,,,,2,7,12,17,19,9,7,10,9,1,3,,1,,,,
2021-02-22,,,,,,,,1,,2,3,2,4,4,2,5,6,5,1,3,,,,
2021-02-23,,,,,,,1,3,1,3,4,5,5,2,2,1,3,,2,9,,,,
2021-02-24,,,,,,,2,2,,1,,,1,2,4,2,3,6,,3,,,,
2021-02-25,,,,,,,1,2,,8,7,9,4,12,2,5,4,3,6,,,,,
2021-02-26,,,,,,,2,1,,2,4,5,7,7,1,1,2,4,1,,,,,
2021-02-27,,,,,,1,,4,3,7,20,26,16,5,8,3,5,2,,,,,,
2021-02-28,,,,,,,,3,10,10,30,26,30,7,12,8,3,6,3,,,,,
2021-03-01,,,,,,,2,2,,1,,4,1,1,2,1,3,1,,3,,,,
2021-03-02,,,,,,,2,1,,1,1,5,1,1,4,1,2,,,2,1,,,1
2021-03-03,,,,,,,2,1,,,4,4,2,2,1,1,4,1,,2,,,,
2021-03-04,,,,,,,1,1,,1,1,3,1,5,2,1,2,3,1,2,,,,
2021-03-05,,,,,,,1,2,,7,3,5,5,8,8,1,2,6,,1,2,,,
2021-03-06,,,,,,,1,,2,7,6,5,4,11,8,14,1,,,,,,,
2021-03-07,,,,,,,1,3,7,5,27,20,15,8,7,3,2,1,,,,,,
2021-03-08,,,,,,,1,3,1,1,7,5,1,4,2,1,4,3,1,,,,,
2021-03-09,,,,,,,1,2,,,6,6,1,2,3,3,6,6,1,3,,,,
2021-03-10,,,,,,,1,,,,,3,,,1,1,5,,,,,,,
2021-03-11,,,,,,,,1,,1,,2,,3,2,1,2,2,1,,,,,
2021-03-12,,,,,,,1,3,,,2,4,1,1,1,1,2,,,,,,,
2021-03-13,,,,,,,,1,5,6,,9,2,5,8,5,6,1,2,,,,,
2021-03-14,,,,,,,2,3,9,1,16,5,1,5,3,3,,,,,,,,
2021-03-15,,,,,,,3,2,1,6,8,9,3,3,2,3,6,5,1,,,,,
2021-03-16,,,,,,,1,2,,,2,6,6,4,2,4,3,5,3,,,,,
2021-03-17,,,,,,,2,1,2,,4,1,6,1,5,4,4,5,3,,,,,
2021-03-18,,,,,,,3,2,,6,11,6,7,3,7,3,7,4,4,1,,,,
2021-03-19,,,,,,,3,3,1,3,10,6,5,3,3,4,3,6,1,,,,,
2021-03-20,,,,,,1,2,3,8,10,17,30,15,11,12,4,,,,,1,,,
2021-03-21,,,,,,,1,8,10,28,24,22,29,3,5,1,5,2,1,,,,,
2021-03-22,,,,,,,2,2,2,3,3,6,8,3,2,4,3,1,1,,,,,
2021-03-23,,,,,,,2,2,1,2,6,3,2,2,4,3,3,7,2,,,,,
2021-03-24,,,,,,,3,2,1,4,4,8,12,5,6,3,5,3,7,,1,,,
2021-03-25,,,,,,,1,2,3,5,6,7,6,7,3,3,4,4,2,,,,,
2021-03-26,,,,,,,1,2,3,,1,,1,3,5,1,3,1,,,,,,
2021-03-27,,,,,,,1,2,5,13,3,11,12,7,11,4,,4,1,,,,,
2021-03-28,,,,,,,,,6,,9,10,7,6,9,1,6,2,,,,,,
2021-03-29,,,,,,,1,1,1,,1,7,1,,7,5,7,5,8,2,1,,,
2021-03-30,,,,,,,2,5,,,7,12,11,8,10,3,7,6,10,2,5,,,
2021-03-31,,,,,,,2,3,,2,6,7,1,2,3,8,9,4,14,2,,,,
2021-04-01,,,,,,,,5,1,2,6,5,8,4,3,3,3,2,3,,,,,
2021-04-02,,,,,,,3,3,4,10,14,4,15,17,3,8,7,9,2,1,,1,,
2021-04-03,,,,,,,3,3,9,2,4,11,11,13,2,13,5,7,2,1,1,,,
2021-04-04,,,,,,,,3,16,8,23,10,23,16,4,8,5,4,,2,,1,,1
2021-04-05,,,,,,,,,1,7,7,8,4,,8,7,3,3,2,,,,,
2021-04-06,,,,,,1,1,5,,1,5,7,6,2,5,1,3,1,1,,,,,
2021-04-07,,,,,,,1,4,1,8,4,3,1,3,1,3,,2,5,1,2,1,,
2021-04-08,,,,,,,2,5,,1,4,14,1,,10,5,3,5,2,2,,,,
2021-04-09,,,,,,,2,3,,3,3,2,7,4,4,5,6,5,,1,1,,,
2021-04-10,,,,,,,,4,5,6,9,12,8,11,24,2,2,5,2,3,,,,
2021-04-11,,,,,,,2,1,9,,7,15,4,6,5,6,3,,,,,,,
2021-04-12,,,,,,,,2,2,2,1,7,6,3,8,3,7,4,1,,,1,,
2021-04-13,,,,,,,1,3,,,9,5,4,1,1,3,7,4,9,,3,1,,
2021-04-14,,,,,,,2,3,6,1,4,11,5,3,5,4,3,2,5,4,1,,,
2021-04-15,1,,,,,,1,3,1,3,8,11,4,6,3,4,7,1,1,5,,,,
2021-04-16,,,,,,,4,3,2,5,1,7,7,3,9,2,2,4,4,,1,,,
2021-04-17,,,,,,1,,1,9,7,11,11,9,9,4,6,4,7,3,1,1,,,
2021-04-18,,,,,,,1,4,7,13,13,19,10,8,16,11,1,5,2,,,,,
2021-04-19,,,,,,,2,1,,2,4,6,8,3,7,6,6,4,4,1,1,,,
2021-04-20,,,,,,,2,2,1,1,,7,,4,3,4,6,7,3,2,,,,
2021-04-21,,,,,,,3,2,,,4,6,3,1,3,5,8,8,5,1,1,,2,
2021-04-22,,,,,,,4,2,1,3,3,7,3,1,13,4,4,5,3,6,,,,
2021-04-23,,,,,,,2,2,1,1,7,8,8,6,7,6,9,6,2,2,,,,
2021-04-24,,,,,,,1,2,13,10,5,12,23,9,8,5,4,10,1,2,,1,,
2021-04-25,,,,1,,,5,5,5,15,16,21,19,8,13,10,2,4,2,,,,,
2021-04-26,,,1,,,,2,3,4,,6,4,3,2,6,8,6,6,9,1,,,,
2021-04-27,,,,,,,3,4,,,,1,,2,3,1,2,5,2,,,,,
2021-04-28,,,,,,,3,3,3,1,5,7,2,2,2,5,4,4,,3,1,,,
2021-04-29,,,,,,,2,2,,3,4,1,,1,2,3,,5,5,,1,,,
2021-04-30,,,,,,,2,,1,2,7,9,6,5,7,2,,4,,,,,,
2021-05-01,,,,,,,1,7,2,8,7,4,,9,5,4,4,2,2,,,1,,
2021-05-02,,,,,,,2,5,7,14,19,32,12,10,7,5,6,3,4,1,,,,
2021-05-03,,,,,,,,7,3,1,5,2,,1,1,2,,,,,,,,
2021-05-04,,,,,,,,1,1,1,,2,1,,1,1,2,6,1,1,,,1,
2021-05-05,,,,,,,3,1,,1,4,5,3,4,4,5,14,6,11,3,1,,,
2021-05-06,,,,,,,1,3,1,6,4,4,8,5,3,1,3,1,1,,,,,
2021-05-07,,,,,,,1,2,1,1,2,3,6,3,6,1,2,10,3,1,1,,,
2021-05-08,,,,,,,3,,1,1,,,,,,1,,1,1,2,,,,
2021-05-09,,,,,,,,,3,3,20,8,6,11,4,1,3,4,,,,,,
2021-05-10,,,,,,,2,3,2,1,1,3,,,2,1,3,4,,3,,,,
2021-05-11,,,,,,,2,2,,,3,5,6,4,6,4,6,3,3,1,,,,
2021-05-12,,,,,,,2,,,2,3,3,,,4,1,3,6,1,1,1,,,
2021-05-13,,,,,,,2,3,3,4,2,1,2,3,6,1,5,7,3,,,,,
2021-05-14,,,,,,,1,1,1,2,5,3,4,,4,4,7,7,4,1,2,,,
2021-05-15,,,,,,,4,2,3,,1,5,12,3,2,,1,2,1,1,,,,
2021-05-16,,,,,,,1,4,7,10,4,9,8,8,7,4,4,1,,1,,,,
2021-05-17,,,,,,,2,2,1,3,1,3,1,5,1,2,1,2,5,2,,,,
2021-05-18,,,,,,,2,3,,3,6,1,,2,6,4,9,7,5,2,,1,,
2021-05-19,,,,,,,2,3,4,13,4,9,1,3,2,,5,10,2,2,,,,
2021-05-20,,,,,,,1,3,6,5,4,,,1,1,,4,2,3,,1,,,
2021-05-21,,,,,,,1,1,,,,1,1,2,1,1,1,1,1,,,,,
2021-05-22,,,,,,,2,7,2,4,3,6,6,4,3,2,7,3,8,3,,,,
2021-05-23,,,,,,,,2,6,17,12,10,7,9,,5,1,1,,3,,,,
2021-05-24,,,,,,,2,1,2,3,3,4,,2,1,2,1,6,1,3,,,,
2021-05-25,,,,,,,1,3,1,,2,5,3,2,1,2,1,3,2,,,,,
2021-05-26,,,,,,1,1,1,1,2,1,6,6,,3,4,2,1,,,,,,
2021-05-27,,,,,,,2,4,2,8,8,1,2,3,5,1,3,10,6,3,1,1,,
2021-05-28,,,,,,,1,2,,,2,6,6,2,1,1,1,4,1,,,,,
2021-05-29,,,,,,,2,6,4,6,10,9,5,8,4,8,,2,1,,1,,,
2021-05-30,,,,,,,,2,12,8,9,17,14,16,6,8,9,1,,2,,,,
2021-05-31,,,,,,,,4,9,3,8,16,3,7,11,10,,2,1,1,1,,,
2021-06-01,,,,,,,1,2,5,1,12,5,5,8,8,1,6,2,3,6,4,1,,
2021-06-02,,,,,,,1,2,5,3,13,7,7,4,1,7,2,2,10,2,,,,
2021-06-03,,,,,,,1,4,1,3,2,5,8,5,5,5,5,3,1,1,,1,,
2021-06-04,,,,,,,1,2,3,8,7,9,12,8,1,1,2,4,1,2,1,,,
2021-06-05,,,,,,,2,7,11,10,8,7,7,5,8,2,7,2,1,,,,,
2021-06-06,,,,,,,1,7,21,12,20,14,6,7,1,4,2,,,1,1,,,
2021-06-07,,,,,,1,1,1,1,1,4,1,7,4,5,9,5,8,8,4,1,,,
2021-06-08,,,,,,1,2,2,1,,2,3,2,4,3,3,6,12,7,4,4,1,,
2021-06-09,,,,,,,2,1,1,4,2,9,4,3,6,5,6,6,7,5,5,1,,
2021-06-10,,,,,,,2,2,,5,,4,,4,5,8,,5,3,1,,,,
2021-06-11,,,,,,,1,1,3,,4,4,3,3,6,4,2,5,2,3,,,,
2021-06-12,,,,,,,3,1,12,10,14,9,3,13,8,8,5,3,,1,4,,,
2021-06-13,,,,,,,1,3,14,13,6,13,2,9,4,4,2,3,1,3,,1,,
2021-06-14,1,,,,,,,1,,2,4,2,2,3,3,5,5,2,2,,1,,,
2021-06-15,,,,,,,1,3,2,4,7,5,6,2,8,6,4,5,5,3,2,,,
2021-06-16,,,,,,,,2,2,3,4,4,6,9,7,3,3,4,15,1,,4,,
2021-06-17,,,,,,,,3,1,1,6,2,1,1,4,3,2,8,5,,,1,,
2021-06-18,,,,,,,2,2,,1,6,4,2,3,5,4,2,,4,,,,,
2021-06-19,,,,,,,3,7,4,10,4,14,9,6,5,7,1,3,4,1,,,,
2021-06-20,,,,,,,1,4,8,2,6,13,4,6,4,3,4,2,1,,,,2,
2021-06-21,,,,,,,1,1,2,1,1,12,1,2,3,2,5,10,3,,1,,,
2021-06-22,,,,,,,1,2,1,2,2,2,2,2,6,1,6,7,3,3,,,,
2021-06-23,,,,,,,1,2,4,3,2,4,12,1,2,1,11,1,7,3,1,1,,
2021-06-24,,,,,,,,1,1,,4,4,4,2,4,2,3,14,1,1,1,,,
2021-06-25,,,,,,,,1,2,1,3,1,3,6,1,,2,4,1,,1,,,
2021-06-26,,,,,,,3,2,11,1,2,16,10,7,2,2,3,3,1,1,,,,
2021-06-27,,,,,,,,3,4,8,6,5,3,3,8,1,5,3,,1,,,,
2021-06-28,,,,,,,1,2,5,1,,7,3,,10,5,4,1,2,1,,,,
2021-06-29,,,,,,,,3,1,2,4,9,6,,5,7,6,4,2,1,1,1,,
2021-06-30,,,,,,,,2,2,11,1,2,1,4,6,1,7,1,4,4,2,,1,
2021-07-01,,,,,,,3,4,2,3,1,4,5,3,4,3,3,12,3,1,1,,2,
2021-07-02,,,,,,,3,4,3,1,1,9,3,1,11,2,5,1,,2,1,,,
2021-07-03,,,,,,,2,2,6,5,6,2,,3,1,,3,2,,1,,,,
2021-07-04,,,,,,,2,8,3,12,8,9,6,2,3,,,1,,1,,,,
2021-07-05,,,,,,,1,2,3,,1,,1,2,,1,3,2,3,,,,,
2021-07-06,,,,,,,1,2,,,,1,3,2,2,2,6,1,,1,,,,
2021-07-07,,,,,,,1,1,1,2,,5,1,2,3,,3,1,2,1,,,,
2021-07-08,,,,,,1,,3,3,1,5,4,2,,5,4,3,3,4,,,1,,
2021-07-09,,,,,,,1,2,2,,2,8,6,1,10,4,2,3,1,2,1,,,
2021-07-10,,,,,,,3,3,2,5,7,4,2,1,,2,4,,1,2,2,,,
2021-07-11,,,,,,,,7,5,18,10,7,12,5,5,5,3,2,,1,,,,
2021-07-12,,,1,,,,,1,,1,,1,,,5,2,,,,,,,,
2021-07-13,,,,,,,,3,,3,1,3,3,3,3,7,4,2,5,,,,,
2021-07-14,,,,,,,,3,1,2,5,4,7,6,5,6,5,5,5,2,1,,,
2021-07-15,,,,,,,2,5,2,4,4,4,5,2,3,9,5,6,,5,1,1,,
2021-07-16,,,,,,,2,4,3,5,7,8,8,4,5,2,4,2,2,,,,,
2021-07-17,,,,,,,2,4,6,13,14,10,2,7,8,1,2,5,2,,,,,
2021-07-18,,,,,,,1,6,8,15,20,21,9,17,4,5,1,1,4,5,,,,
2021-07-19,,,,,,,1,2,2,1,3,3,5,7,3,7,1,2,4,1,,2,,
2021-07-20,,,,,,,,3,5,1,5,4,,4,3,5,5,8,13,5,,1,,
2021-07-21,,,,,,,1,3,3,4,9,10,1,2,6,3,7,5,5,5,,2,,
2021-07-22,,,,,,,1,5,2,1,4,1,1,3,3,11,2,5,6,5,1,1,,
2021-07-23,,,,,,,1,3,4,5,6,,5,2,10,5,,7,3,8,,,,
2021-07-24,,,,,,,2,3,4,3,2,11,6,8,9,10,4,1,2,1,,1,,
2021-07-25,1,,,,,,2,6,9,10,1,13,3,11,3,9,3,1,,4,,,,
2021-07-26,,,,,,,,3,1,6,4,6,3,8,2,4,3,1,8,,,,,
2021-07-27,,,,,,,2,2,3,,1,6,,3,5,3,1,2,2,,,,,
2021-07-28,,,,,,,,2,,2,8,3,,2,,1,2,,6,,,,,
2021-07-29,,,,,,,,3,,1,1,1,9,1,,2,1,2,2,1,,,,
2021-07-30,,,,,,,,,,1,3,1,5,,7,1,2,1,,,,,,
2021-07-31,,,,,,,3,4,4,6,6,7,7,7,7,3,4,1,1,1,,,,
2021-08-01,,,,,,,2,3,,7,9,6,4,2,13,3,4,3,1,1,1,,,
2021-08-02,,,,,,,1,1,2,,3,6,3,10,7,4,3,2,3,3,1,,,
2021-08-03,1,,,,,,3,2,1,1,10,9,8,4,9,12,1,8,3,3,,1,,
2021-08-04,1,,,,,,2,2,1,12,14,3,1,3,1,2,3,7,1,2,,,,
2021-08-05,,,,,,,1,2,2,4,5,1,10,4,,2,3,2,1,1,1,1,,
2021-08-06,,,,,,,1,3,2,1,1,1,3,,,2,4,1,,,3,,,
2021-08-07,,,,,,,1,4,10,,3,9,13,1,5,1,1,2,1,,,,,
2021-08-08,,,,,,,,,5,3,1,3,2,5,,2,5,1,,1,,,1,
2021-08-09,,,,,,,1,3,2,4,3,4,6,,2,3,7,1,2,12,1,,,
2021-08-10,,,,,,,1,3,1,4,10,2,7,6,7,5,5,3,1,1,1,1,,
2021-08-11,,,,,,1,1,2,2,3,4,6,2,2,,3,4,9,9,2,1,,,
2021-08-12,,,,,,,2,1,3,3,5,4,3,4,7,3,5,9,4,,,2,,1
2021-08-13,,,,,,,,2,1,1,1,1,6,8,7,7,,1,,,2,,,
2021-08-14,,,,,,,4,3,2,5,4,7,8,8,6,4,1,2,4,,,,,
2021-08-15,,,,,,,1,2,7,5,13,15,7,8,5,2,5,2,,1,,,,
2021-08-16,,,,,,,1,3,2,,1,6,4,5,4,1,3,3,1,4,,,,1
2021-08-17,,,,,,,1,2,2,2,4,4,4,3,5,5,4,4,4,2,,,,
2021-08-26,,,,,,,1,3,2,2,4,3,3,3,4,3,11,10,4,4,1,,,
2021-08-27,,,,,,,1,3,3,3,10,3,3,1,4,4,,1,3,,,,,
2021-08-28,,,,,,,2,3,5,6,5,18,4,14,4,10,7,,,,2,,,
2021-08-29,,,,,,,,3,6,13,8,9,9,3,1,4,1,,,,,,,
2021-08-30,,,,,,,1,1,2,3,11,6,5,11,5,1,4,1,,1,,,,
2021-08-31,,,,,,,,2,1,,4,8,3,8,3,1,2,3,2,,,,,
2021-09-01,,,,,,,,3,2,2,1,18,4,7,2,5,8,1,,1,2,,,
2021-09-02,,,,,,,,2,5,,9,3,8,1,4,1,3,7,6,,,1,,
2021-09-03,2,,,,,,2,2,1,2,2,7,1,4,1,2,1,5,,,,1,,
2021-09-04,,,,,,,,1,2,7,13,12,1,2,,3,,5,2,1,,,,
2021-09-05,,,,,,,,2,8,17,11,3,8,6,4,2,4,2,2,1,,,,
2021-09-06,,,,,,,2,3,1,8,4,6,6,5,3,4,4,3,2,,,1,,
2021-09-07,,,,,,,3,3,3,4,3,4,5,4,5,5,3,11,5,,2,1,,
2021-09-08,,,,,,,2,3,6,2,2,6,2,2,8,6,4,6,6,4,,4,,
2021-09-09,,,,,,,1,3,4,7,,3,,1,4,4,1,,1,1,1,,,
2021-09-10,,,,,,,1,,1,1,,4,4,2,1,1,1,,,,,,,
2021-09-11,,,1,,,,2,,6,7,3,6,3,5,2,9,3,,1,,,,,
2021-09-12,,,,,,,,2,7,6,6,12,12,9,,5,3,,,,,,,
2021-09-13,,,,,,,1,1,,2,,2,,2,2,5,,3,2,,,,,
2021-09-14,,,,,,,1,4,,,3,1,1,2,1,2,1,2,4,,,,,
2021-09-15,,,,,,,,2,2,4,4,6,2,1,2,5,7,5,4,1,1,,,
2021-09-16,,,,,,,1,2,,2,9,11,2,3,6,3,1,11,2,,,,,
2021-09-17,,,,,,,1,2,3,2,3,9,5,1,2,3,5,5,4,,2,,1,
2021-09-18,,,,,,,1,4,5,1,3,4,11,5,8,9,6,2,1,,,,,
2021-09-19,,,,,,,,1,4,7,2,19,3,8,7,5,4,1,1,,,,,
2021-09-20,,,,,,,1,1,1,1,2,2,3,6,4,4,3,4,2,1,1,,1,
2021-09-21,,,,,,,3,2,1,2,7,8,3,3,5,4,6,2,3,1,,,,
2021-09-22,,,,,,,2,,4,1,5,,7,2,,5,4,3,2,1,2,,,
2021-09-23,,,,,,,3,4,1,3,7,3,3,,2,8,3,1,6,,,,,
2021-09-24,,,,,,,1,1,,2,5,1,2,,1,2,,1,1,,1,1,,
2021-09-25,,,,,,,,2,2,4,5,6,5,8,12,1,6,1,,,,,,
2021-09-26,,,,,,,,6,14,10,5,10,5,2,1,2,6,3,,,,,,
2021-09-27,,,,,,,1,2,,,,,2,1,,1,3,3,2,,1,,,
2021-09-28,,,,,,,1,2,,2,4,2,2,1,2,1,3,,1,,,,,
2021-09-29,,,,,,,1,3,4,,6,5,6,2,3,2,2,1,4,4,,,,
2021-09-30,,,,,,,1,1,,,3,1,,,,1,,,,1,,,1,
2021-10-01,,,,,,,1,2,,,3,1,3,,5,2,1,1,1,,,,,
2021-10-02,,,,,,,2,,2,1,3,3,,,,,,,,,,,,
2021-10-03,,,,,,,,1,6,19,6,24,6,12,4,,2,,,,,,,
2021-10-04,,,,,,,1,1,1,,5,2,1,4,3,3,1,3,1,,1,,,
2021-10-05,,,,,,,1,5,,1,1,,,,1,1,3,1,2,,,,,
2021-10-06,1,,,,,,1,1,,1,9,13,2,4,8,3,4,,3,,,,,
2021-10-07,,,,,,,1,4,,4,1,5,4,1,2,4,3,2,5,,,,,
2021-10-08,,,,,,,1,2,,2,2,6,4,5,6,1,1,2,2,,1,,,
2021-10-09,,,,,,,,,2,,5,7,12,9,3,12,2,3,,,,,,
2021-10-10,,,,,,,1,2,9,9,13,9,3,3,5,5,2,,,,1,,,
2021-10-11,,,,,,,1,2,,,2,4,7,6,1,3,5,2,1,,,,,
2021-10-12,,,,,,,1,2,,,3,,2,,3,2,2,1,4,,,,,
2021-10-13,,,,,,,1,2,,3,1,6,,1,1,5,6,2,,1,,,,
2021-10-14,,,,,,,,1,2,,4,1,5,,2,1,4,3,2,,,,,
2021-10-15,,,,,,,,1,3,3,3,5,3,5,3,3,2,2,,,,,,
2021-10-16,,,,,,,,2,2,3,2,3,5,3,8,3,1,,,,,,,
2021-10-17,,,,,,,,1,6,14,13,9,2,3,9,7,,1,,,,,,
2021-10-18,,,,,,,,1,1,2,2,1,1,4,,1,,,3,,,,,
2021-10-19,,,,,,,,5,,3,,,,,,4,2,,1,,1,,,
2021-10-20,,,,,,,,1,1,4,,,2,1,,2,1,1,,,,,,
2021-10-21,,,,,,,,1,,4,4,5,,3,3,3,3,2,1,,,,,
2021-10-22,,,,,,,,2,,1,1,3,3,4,4,2,,,1,,,,,
2021-10-23,,,,,,,,2,,5,5,5,6,4,1,,,1,,,1,1,,
2021-10-24,,,,,,,,2,5,7,,5,10,1,5,3,2,,,,,,,
2021-10-25,,,,,,,,2,,,4,4,1,,,,2,2,5,,,,,
2021-10-26,,,,,,,,1,1,2,,4,3,3,2,,4,1,6,1,,,,
2021-10-27,,,,,,,,,,1,6,,3,2,1,2,3,3,4,,,,,
2021-10-28,,,,,,,,2,4,,1,,5,2,4,4,1,7,,,,,,
2021-10-29,,,,,,,,,,,1,4,1,1,5,,,3,,,1,,,
2021-10-30,,,,,,,,1,2,,,,1,1,1,2,1,,,2,,,,
2021-10-31,,,,,,,,,,2,,,,2,2,3,1,,,,,,,
2021-11-01,,,,,,,1,,,,,1,,,3,,1,3,,,,,,
2021-11-02,,,,,,,,2,,,8,3,6,1,1,1,,1,4,,,,,
2021-11-03,,,,,,,,,1,8,3,4,1,1,,,2,,1,,,,,
2021-11-04,,,,,,,,2,1,4,1,,3,4,2,2,3,2,1,1,,,,
2021-11-05,,,,,,,,,1,3,4,2,,,1,,2,,2,,,,,
2021-11-06,,,,,,,,4,7,4,10,2,,1,3,,1,,,,,,,
2021-11-07,,,,,,,,3,5,5,5,8,7,2,3,1,2,,,,,,,
2021-11-08,,,,,,,1,1,2,,3,4,3,3,,4,3,4,,,,,,
2021-11-09,,,,,,,1,1,,1,,1,,,2,1,1,2,,,,,,
2021-11-10,,,,,,,,1,1,1,3,4,,1,1,,4,1,,,,,,
2021-11-11,,,,,,,,1,3,2,9,2,4,6,3,,1,1,4,,,,,
2021-11-12,,,,,,,1,1,,2,1,3,1,,3,,1,,,,,,,
2021-11-13,,,,,,,,3,5,5,10,6,7,6,3,,2,,,,,,,
2021-11-14,,,,,,,,2,2,14,15,8,12,5,3,,1,,,,,,,
2021-11-15,,,,,,,,1,,2,1,5,1,,4,2,4,2,1,,,,,
2021-11-16,,,,,,,1,2,,,,,2,,3,1,1,1,,,,,,
2021-11-17,,,,,,,,,,11,,5,8,2,,1,3,,7,,,,,
2021-11-18,,,,,,,,1,3,3,1,2,1,,1,2,,1,2,,1,,,
2021-11-19,,,,,,,,1,3,3,3,3,2,3,6,1,,,,,,,,
2021-11-20,,,,,,,,2,8,,10,2,1,4,2,,1,,,,,,,
2021-11-21,,,,,,,,4,4,17,9,7,5,5,2,1,1,,,1,,,,
2021-11-22,,,,,,,,,,,,5,1,4,1,1,3,,1,,,,,
2021-11-23,,,,,,,,1,3,1,,,,,1,2,,1,,,,,1,
2021-11-24,,,,,,,1,,,1,3,3,3,,4,2,2,,,,,,,
2021-11-25,,,,,,,1,1,,,6,1,2,2,2,2,2,1,,,,,,
2021-11-26,,,,,,,,1,,2,,,3,1,1,,,,,,,,,
2021-11-27,,,,,,,,,1,1,,1,1,1,1,,1,,,,,,,
2021-11-28,,,,,,,,,5,6,7,1,,,,,1,,,,,,,
2021-11-29,,,,,,,1,,,,1,,,,,1,,,,,,,,
2021-11-30,,,,,,,,1,,,,2,,,,1,,1,,,,,,
2021-12-01,,,,,,,,,,,5,,3,,,2,,,,,1,,,
2021-12-02,,,,,,,1,1,2,,4,2,4,,3,2,,,,,,,,
2021-12-03,,,,,,,,,,,,1,2,1,,,2,,1,,,1,,
2021-12-04,,,,,,,,1,2,,,,,,,,,1,,,,,,
2021-12-05,,,,,,,,,2,5,3,1,1,1,1,1,2,,,,,,,
2021-12-06,,,,,,,,,,,,1,1,1,,1,1,2,,,,,,
2021-12-07,,,,,,,1,,,,1,,1,,,2,,1,,,,,,
2021-12-08,,,,,,,,,,,,1,,,1,,,1,,1,,,,
2021-12-09,,,,,,,,2,2,,2,4,3,4,1,1,2,2,1,,,,,
2021-12-10,,,,,,,,,2,,1,3,7,4,1,,,,,,,,,
2021-12-11,,,,1,,,,,,,,1,1,,3,2,,,1,,,,,
2021-12-12,,,,,,,,,1,8,3,5,6,2,3,1,1,1,,,,,,
2021-12-13,,,,,,,,1,,1,1,2,1,,,1,1,,,,,,,
2021-12-14,,,,,,,,1,,,1,1,2,,1,3,1,,3,,,,,
2021-12-15,,,,,,,,,,2,2,3,2,,1,8,1,,2,,,,,
2021-12-16,,,,,,,1,1,,3,2,6,,3,2,2,1,,2,,,,,
2021-12-17,,,,,,,1,,,,2,5,2,,2,3,,1,1,1,,,,
2021-12-18,,,,,,,,2,1,4,1,,2,2,2,2,,,,,,,,
2021-12-19,,,,,,,,,3,9,4,4,1,3,2,,1,,,1,,,,
2021-12-20,,,,,,,,,2,,1,1,2,1,1,2,1,1,,,,,,
2021-12-21,,,,,,,,1,1,,2,,,1,1,2,2,,,,,,,
2021-12-22,,,,,,,,1,,7,2,3,2,,,,,,,,,,,
2021-12-23,,,,,,,,,1,1,3,1,1,,6,1,,1,,,,,,
2021-12-24,,,,,,,,,4,2,7,,,2,,,,,,,,,,
2021-12-25,,,,,,,,,,,1,,2,,,,,,,,,,,
2021-12-26,,,,,,,,,,,1,,,,,1,,,,,,,,
2021-12-27,,,,,,,,,,5,1,7,8,8,5,5,1,1,,,,,,
2021-12-28,,,,,,,,,,,3,4,6,6,2,,,,,,,,,
2021-12-29,,,,,,,,,,,1,,4,,,2,,,,2,,,,
2021-12-30,,,,,,,,,4,,3,20,7,7,1,,3,,1,,,,,
2021-12-31,,,,,,,,,2,3,4,2,6,4,4,3,,,,,,,,
2022-01-01,,,,,,,,,1,,9,4,5,3,1,2,,,1,,,,,
2022-01-02,,,,,,,,2,5,5,7,5,1,3,1,1,,2,,,,,,
2022-01-03,,,,,,,,,,,4,3,3,1,1,2,1,,,,,,,
2022-01-04,,,,,,,,,,,1,,4,6,3,2,1,2,,,,,,
2022-01-05,,,,,,,,,1,3,2,7,7,1,3,4,2,,,,1,,,
2022-01-06,,,,,,,1,,,,1,,1,,2,2,1,1,,,,,2,
2022-01-07,,,,,,,,,,,,2,,,,,,,,,,,,
2022-01-08,,,,,,,,,,,,3,,1,1,1,,,,,,,,
2022-01-09,,,,,,,,,6,6,3,2,1,3,,,1,,,,,,,
2022-01-10,,,,,,,,1,,,2,1,,1,3,2,1,,1,,,,,
2022-01-11,,,,,,,,1,,,,,3,,2,3,3,1,,5,,,,
2022-01-12,,,,,,,,,,8,3,2,2,3,1,4,,,7,,1,,,
2022-01-13,,,,,,,,,1,,8,6,2,,3,3,,1,1,,,,,
2022-01-14,,,,,,,,1,,,4,7,7,3,3,3,,,1,,,,,
2022-01-15,,,,,,,,,6,5,2,3,12,3,,,1,,,,,,,
2022-01-16,,,,,,,,,4,7,6,9,5,5,2,4,1,,,,,,,
2022-01-17,,,,,,,,,2,1,6,1,1,2,1,2,1,1,3,,,,,
2022-01-18,,,,,,,,,2,,1,1,1,,,2,2,2,1,,,,,
2022-01-19,,,,,,,,1,,,,3,2,1,2,3,,1,,,,,,
2022-01-20,,,,,,,1,1,1,,2,5,4,,2,2,1,,1,,,,,
2022-01-21,,,,,,,1,,,3,2,,3,1,1,1,2,,1,,,,,
2022-01-22,,,,,,,,,8,4,3,7,3,6,9,4,1,,,,,,,
2022-01-23,,,,,,,,,4,11,7,7,4,1,1,1,1,,,,,,,
2022-01-24,,,,,,,,,,1,1,1,,1,,2,1,3,,2,,,,
2022-01-25,,,,,,,1,,,1,,2,1,3,1,4,1,2,3,,,,,
2022-01-26,,,,,,,1,1,1,5,1,3,2,,3,2,1,1,1,,,,,
2022-01-27,,,,,,,,,,4,3,4,2,2,2,1,1,,,1,,,,
2022-01-28,,,,,,,,,,1,5,3,3,1,2,,,1,,,,,,
2022-01-29,,,,,,,,,3,3,1,2,2,2,,2,1,,,,,,,
2022-01-30,,,,,,,,,14,7,8,3,4,5,9,1,2,,,,,,,
2022-01-31,,,,,,,,1,,,2,1,1,1,,1,1,1,2,,,,,
